{"SV_5mzO2q0GWGfaMJL": {"A": 0.16666666666666666, "B": 0.16666666666666666, "C": 0.16666666666666666,  "D": 0.16666666666666666}, "random": 0.2966554262211113}
