{"A": 0.166666675, "B": 0.166666675, "C": 0.166666675, "D": 0.166666675}