{"SV_5mzO2q0GWGfaMJL": {"props": [0.16666666666666666, 0.16666666666666666, 0.16666666666666666, 0.16666666666666666], "treatments": ["A", "B", "C", "D"]}, "random": 0.8006953379484891}