{"SV_5mzO2q0GWGfaMJL": {"A": 0.16666666666666666, "B": 0.16666666666666666, "C": 0.16666666666666666, "D": 0.16666666666666666}, "random": 0.33179158710827494, "null": {"props": [0.16666666666666666, 0.16666666666666666, 0.16666666666666666, 0.16666666666666666], "treatments": ["A", "B", "C", "D"]}}