{"random": 0.33821242926524897, "treatments": ["control", "A", "B", "C", "D", "E", "F", "G", "H", "I", "J", "K", "L", "M", "N", "O", "P"], "props": [0.19999997194795802, 0.0500000017532526, 0.0500000017532526, 0.0500000017532526, 0.0500000017532526, 0.0500000017532526, 0.0500000017532526, 0.0500000017532526, 0.0500000017532526, 0.0500000017532526, 0.0500000017532526, 0.0500000017532526, 0.0500000017532526, 0.0500000017532526, 0.0500000017532526, 0.0500000017532526, 0.0500000017532526]}