{"random": 0.24763458920639236, "treatments": ["control", "A", "B", "C"], "props": [0.36602523289613004, 0.0794370383181149, 0.25720356301404, 0.29733416577171506]}