{"random": 0.11763832942479036, "treatments": ["control", "A", "B", "C"], "props": [0.36602523289613004, 0.13858688408890601, 0.17941485909039498, 0.31597302392456894]}