{"random": 0.9676094677637909, "treatments": ["control", "A", "B", "C"], "props": [0.36602523289613004, 0.0616857448392065, 0.27723716565452194, 0.295051856610141]}