{"random": 0.3426836055988771, "treatments": ["control", "A", "B", "C"], "props": [0.36602523289613004, 0.12330809220170301, 0.215488023338605, 0.295178651563562]}