{"random": 0.9337021620338778, "treatments": ["control", "A", "B", "C"], "props": [0.36602523289613004, 0.16381907981964, 0.158683884206099, 0.31147180307813105]}