{"random": 0.711839909565843, "treatments": ["control", "A", "B", "C"], "props": [0.36602523289613004, 0.0831140919673173, 0.239705859441973, 0.311154815694579]}