{"random": 0.5910152272789047, "treatments": ["control", "A", "B", "C"], "props": [0.36602523289613004, 0.11316449592804101, 0.208260710993621, 0.31254956018220803]}