{"random": 0.7995991546058131, "treatments": ["control", "A", "B", "C"], "props": [0.36602523289613004, 0.14676515858454597, 0.17256793160567302, 0.314641676913651]}