{"random": 0.6050021069552932, "treatments": ["control", "A", "B", "C"], "props": [0.36602523289613004, 0.0806415903756122, 0.256062408433253, 0.297270768295004]}