{"props": [0.36602523289613004, 0.21132492236795702, 0.21132492236795702, 0.21132492236795702], "treatments": ["control", "A", "B", "C"], "random": 0.8243381777772629}