{"random": 0.34082883646754847, "treatments": ["control", "A", "B", "C"], "props": [0.36602523289613004, 0.15950805140333402, 0.163121707575826, 0.31134500812471]}