{"random": 0.5226227374607505, "treatments": ["control", "A", "B", "C"], "props": [0.36602523289613004, 0.101182372829778, 0.22246174577674802, 0.310330648497344]}