{"random": 0.17994536990411547, "treatments": ["control", "A", "B", "C"], "props": [0.36602523289613004, 0.077978896353776, 0.257583947874302, 0.298411922875791]}