{"random": 0.13714525514010711, "treatments": ["control", "A", "B", "C"], "props": [0.36602523289613004, 0.201350386032189, 0.12444924678249, 0.308175134289191]}