{"random": 0.7877175076736893, "treatments": ["control", "A", "B", "C"], "props": [0.36602523289613004, 0.0771547291565409, 0.24775733898419197, 0.309062698963136]}