{"random": 0.07701821273041443, "treatments": ["control", "A", "B", "C"], "props": [0.36602523289613004, 0.112657316114358, 0.209021480714146, 0.31229597027536604]}