{"random": 0.44642514501927943, "treatments": ["control", "A", "B", "C"], "props": [0.36602523289613004, 0.0883760825342794, 0.23178117485317498, 0.313817509716415]}