{"random": 0.09415403252231758, "treatments": ["control", "A", "B", "C"], "props": [0.36602523289613004, 0.0606079877351299, 0.263289720778237, 0.310077058590503]}