{"random": 0.34200873069871796, "treatments": ["control", "A", "B", "C"], "props": [0.36602523289613004, 0.0923701235670338, 0.238564704861186, 0.30303993867565004]}