{"random": 0.44799523409942776, "treatments": ["control", "A", "B", "C"], "props": [0.36602523289613004, 0.149301057652961, 0.18372588750670102, 0.30094782194420694]}