{"random": 0.5400264514817283, "treatments": ["control", "A", "B", "C"], "props": [0.36602523289613004, 0.0654261959651194, 0.259359077222193, 0.30918949391655703]}