{"random": 0.7980410590901841, "treatments": ["control", "A", "B", "C"], "props": [0.36602523289613004, 0.0658065808253817, 0.265762222369942, 0.302405963908546]}