{"random": 0.06636848048879807, "treatments": ["control", "A", "B", "C"], "props": [0.36602523289613004, 0.1031476946078, 0.221320591195961, 0.309506481300109]}