{"random": 0.26590517609061726, "treatments": ["control", "A", "B", "C"], "props": [0.36602523289613004, 0.164960234400427, 0.15728913971847, 0.311725392984973]}