{"random": 0.2800632003618776, "treatments": ["control", "A", "B", "C"], "props": [0.36602523289613004, 0.11189654639383301, 0.21250834193321697, 0.30956987877682]}