{"random": 0.7118536773221811, "treatments": ["control", "A", "B", "C"], "props": [0.36602523289613004, 0.0735410729840489, 0.268361518915068, 0.292072175204753]}