{"random": 0.28391471357774734, "treatments": ["control", "A", "B", "C"], "props": [0.36602523289613004, 0.19963865416100898, 0.12996482725629302, 0.30437128568656796]}