{"random": 0.004670266947882751, "treatments": ["control", "A", "B", "C"], "props": [0.36602523289613004, 0.20851430090046302, 0.123815272015386, 0.301645194188021]}