{"random": 0.6159030832835358, "treatments": ["control", "A", "B", "C"], "props": [0.36602523289613004, 0.0952864074957116, 0.227343351483448, 0.31134500812471]}