{"random": 0.2155621921537988, "treatments": ["control", "A", "B", "C"], "props": [0.36602523289613004, 0.0585792684803976, 0.267473954241123, 0.30792154438235]}