{"random": 0.7664263518232012, "treatments": ["control", "A", "B", "C"], "props": [0.36602523289613004, 0.0580086911900041, 0.267410556764412, 0.308555519149453]}