{"random": 0.9596411699209415, "treatments": ["control", "A", "B", "C"], "props": [0.36602523289613004, 0.098456281331231, 0.240086244302235, 0.295432241470403]}