{"random": 0.9705016531010607, "treatments": ["control", "A", "B", "C"], "props": [0.36602523289613004, 0.0865375557096782, 0.25980285955916604, 0.287634351835026]}