{"random": 0.4273553931186119, "treatments": ["control", "A", "B", "C"], "props": [0.36602523289613004, 0.12083559060999799, 0.19894128191719399, 0.31419789457667796]}