{"random": 0.3151317725573404, "treatments": ["control", "A", "B", "C"], "props": [0.36602523289613004, 0.0577551012831625, 0.26512824760283804, 0.31109141821786895]}