{"random": 0.09317970575349255, "treatments": ["control", "A", "B", "C"], "props": [0.36602523289613004, 0.149364455129672, 0.17580120291790302, 0.308809109056295]}