{"random": 0.6209090999023046, "treatments": ["control", "A", "B", "C"], "props": [0.36602523289613004, 0.0586426659571079, 0.283893900709113, 0.291438200437649]}