{"random": 0.7031625963233566, "treatments": ["control", "A", "B", "C"], "props": [0.36602523289613004, 0.11278411106777803, 0.20775353117993803, 0.313437124856153]}