{"random": 0.284189187989623, "treatments": ["control", "A", "B", "C"], "props": [0.36602523289613004, 0.061115167548813, 0.262909335917975, 0.309950263637082]}