{"random": 0.49221124652220993, "treatments": ["control", "A", "B", "C"], "props": [0.36602523289613004, 0.0771547291565409, 0.24731355664722, 0.309506481300109]}