{"random": 0.8018748657793539, "treatments": ["control", "A", "B", "C"], "props": [0.36602523289613004, 0.0824801172002134, 0.241290796359733, 0.31020385354392305]}