{"random": 0.9451107218276291, "treatments": ["control", "A", "B", "C"], "props": [0.36602523289613004, 0.10156275769003999, 0.22258854073016898, 0.309823468683661]}