{"random": 0.71853807474378, "treatments": ["control", "A", "B", "C"], "props": [0.36602523289613004, 0.16451645206345403, 0.15773292205544298, 0.311725392984973]}