{"random": 0.43061857399671766, "treatments": ["control", "A", "B", "C"], "props": [0.36602523289613004, 0.0688496597074802, 0.27476466406281697, 0.290360443333572]}