{"random": 0.3242467402270732, "treatments": ["control", "A", "B", "C"], "props": [0.36602523289613004, 0.148730480362568, 0.18442325975051602, 0.300821026990786]}