{"random": 0.7492612443547154, "treatments": ["control", "A", "B", "C"], "props": [0.36602523289613004, 0.0725901108333931, 0.251814777493657, 0.30956987877682]}