{"random": 0.7307319191478923, "treatments": ["control", "A", "B", "C"], "props": [0.36602523289613004, 0.0698006218581361, 0.25447747151549305, 0.30969667373023996]}