{"random": 0.5354302286991286, "treatments": ["control", "A", "B", "C"], "props": [0.36602523289613004, 0.24167118121999498, 0.298982500166185, 0.0933210857176896]}