{"random": 0.17352880285008898, "treatments": ["control", "A", "B", "C"], "props": [0.36602523289613004, 0.239452269535132, 0.296446601097769, 0.0980758964709686]}