{"random": 0.0599747205322152, "treatments": ["control", "A", "B", "C"], "props": [0.36602523289613004, 0.24414368281169999, 0.296002818760797, 0.0938282655313727]}