{"random": 0.28420412871123213, "treatments": ["control", "A", "B", "C"], "props": [0.36602523289613004, 0.237233357850268, 0.296256408667638, 0.10048500058596302]}