{"random": 0.4671969996449572, "treatments": ["control", "A", "B", "C"], "props": [0.36602523289613004, 0.21132492236795702, 0.21132492236795702, 0.21132492236795702]}