{"random": 0.9814903452091585, "treatments": ["control", "A", "B", "C"], "props": [0.36602523289613004, 0.236726178036585, 0.0831140919673173, 0.314134497099967]}