{"random": 0.6938816865327122, "treatments": ["control", "A", "B", "C"], "props": [0.36602523289613004, 0.216755972872813, 0.100992180399646, 0.31622661383141]}