{"random": 0.009921971145931963, "treatments": ["control", "A", "B", "C"], "props": [0.36602523289613004, 0.23285893195725102, 0.0876787102904652, 0.313437124856153]}