{"random": 0.34151090963467057, "treatments": ["control", "A", "B", "C"], "props": [0.36602523289613004, 0.24091041149946998, 0.0775351140168033, 0.315529241587596]}