{"random": 0.32110976251661005, "treatments": ["control", "A", "B", "C"], "props": [0.36602523289613004, 0.226392389332792, 0.0921799311369026, 0.315402446634175]}