{"random": 0.08603965381674372, "treatments": ["control", "A", "B", "C"], "props": [0.36602523289613004, 0.24097380897618104, 0.0785494736441694, 0.31445148448351895]}