{"random": 0.7757324217324099, "treatments": ["control", "A", "B", "C"], "props": [0.36602523289613004, 0.241480988789864, 0.168003313282525, 0.22449046503148]}