{"random": 0.40566860391847015, "treatments": ["control", "A", "B", "C"], "props": [0.36602523289613004, 0.23716996037355803, 0.0834944768275796, 0.313310329902732]}