{"random": 0.5345438091329477, "treatments": ["control", "A", "B", "C"], "props": [0.36602523289613004, 0.22962566064502202, 0.0905315967424326, 0.313817509716415]}