{"random": 0.8661637663509735, "treatments": ["control", "A", "B", "C"], "props": [0.36602523289613004, 0.239705859441973, 0.0787396660743006, 0.315529241587596]}