{"random": 0.185267620990757, "treatments": ["control", "A", "B", "C"], "props": [0.36602523289613004, 0.24699656926366798, 0.07125876382247501, 0.315719434017727]}