{"random": 0.6083682320797474, "treatments": ["control", "A", "B", "C"], "props": [0.36602523289613004, 0.23716996037355803, 0.09027800683559101, 0.30652679989472104]}