{"random": 0.8809613853202505, "treatments": ["control", "A", "B", "C"], "props": [0.36602523289613004, 0.24135419383644297, 0.0789298585044318, 0.313690714762995]}