{"random": 0.8766926352459331, "treatments": ["control", "A", "B", "C"], "props": [0.36602523289613004, 0.239452269535132, 0.0810219752358745, 0.313500522332864]}