{"random": 0.8071481170257884, "treatments": ["control", "A", "B", "C"], "props": [0.36602523289613004, 0.250293238052608, 0.0682790824170868, 0.315402446634175]}