{"random": 0.28877938938040404, "treatments": ["control", "A", "B", "C"], "props": [0.36602523289613004, 0.22899168587791802, 0.0886930699178314, 0.31629001130812107]}