{"random": 0.5363515657360034, "treatments": ["control", "A", "B", "C"], "props": [0.36602523289613004, 0.214473663711239, 0.10695154321042301, 0.31254956018220803]}