{"random": 0.42112995822240495, "treatments": ["control", "A", "B", "C"], "props": [0.36602523289613004, 0.242558745893941, 0.0786128711208798, 0.312803150089049]}