{"random": 0.7984204809645103, "treatments": ["control", "A", "B", "C"], "props": [0.36602523289613004, 0.246299197019853, 0.07290709821694501, 0.3147684718670711]}