{"random": 0.28393075986252914, "treatments": ["control", "A", "B", "C"], "props": [0.36602523289613004, 0.23596540831606, 0.0828605020604758, 0.315148856727334]}