{"random": 0.3593967447802545, "treatments": ["control", "A", "B", "C"], "props": [0.36602523289613004, 0.23361970167777601, 0.0848258238384978, 0.315529241587596]}