{"random": 0.3515752924419412, "treatments": ["control", "A", "B", "C"], "props": [0.36602523289613004, 0.24896189104169, 0.0694202369978737, 0.315592639064306]}