{"random": 0.8989272769861542, "treatments": ["control", "A", "B", "C"], "props": [0.36602523289613004, 0.24211496355696802, 0.0774083190633825, 0.31445148448351895]}