{"random": 0.167396222750275, "treatments": ["control", "A", "B", "C"], "props": [0.36602523289613004, 0.23488765121198396, 0.0838114642111316, 0.315275651680754]}