{"random": 0.6789128612028357, "treatments": ["control", "A", "B", "C"], "props": [0.36602523289613004, 0.24699656926366798, 0.0725901108333931, 0.314388087006809]}