{"random": 0.5695606985743796, "treatments": ["control", "A", "B", "C"], "props": [0.36602523289613004, 0.22880149344778697, 0.0908485841259845, 0.314324689530099]}