{"random": 0.5581739529132189, "treatments": ["control", "A", "B", "C"], "props": [0.36602523289613004, 0.24883509608826898, 0.0694202369978737, 0.315719434017727]}