{"random": 0.5130433618214378, "treatments": ["control", "A", "B", "C"], "props": [0.36602523289613004, 0.24401688785827896, 0.0744920351347047, 0.31546584411088596]}