{"random": 0.8198820937340164, "treatments": ["control", "A", "B", "C"], "props": [0.36602523289613004, 0.27070722555335197, 0.0987098712380725, 0.26455767031244504]}