{"random": 0.5264605023418746, "treatments": ["control", "A", "B", "C"], "props": [0.36602523289613004, 0.26379690059192, 0.11113577667330801, 0.259042089838641]}