{"random": 0.05180006263785597, "treatments": ["control", "A", "B", "C"], "props": [0.36602523289613004, 0.21132492236795702, 0.21132492236795702, 0.21132492236795702]}