{"random": 0.8831857214138226, "treatments": ["control", "A", "B", "C"], "props": [0.36602523289613004, 0.21132492236795702, 0.21132492236795702, 0.21132492236795702]}