{"random": 0.9565157888256994, "treatments": ["control", "A", "B", "C"], "props": [0.36602523289613004, 0.269566070972565, 0.10054839806267402, 0.263860298068631]}