{"random": 0.19367160114526893, "treatments": ["control", "A", "B", "C"], "props": [0.36602523289613004, 0.276603190887418, 0.0952864074957116, 0.26208516872074]}